{
  "input_structure": {
    "total_labels": 14,
    "r_squared": 0.9782107325423622,
    "tail_new_rate": 0.0,
    "log_fit_params": {
      "a": 1.9183002199074044,
      "b": 0.870095148774909
    }
  },
  "core_constraints": {
    "total_labels": 838,
    "r_squared": 0.7531395243348474,
    "tail_new_rate": 0.51,
    "log_fit_params": {
      "a": 161.7069325470943,
      "b": -561.8000189435963
    }
  },
  "objective": {
    "total_labels": 25,
    "r_squared": 0.9683036333751589,
    "tail_new_rate": 0.02,
    "log_fit_params": {
      "a": 3.245719400105747,
      "b": -1.7540391126386892
    }
  },
  "invariant": {
    "total_labels": 6,
    "r_squared": 0.0,
    "tail_new_rate": 0.0,
    "log_fit_params": null
  }
}