{
  "input_structure": {
    "total_labels": 14,
    "r_squared": 0.9891403301526085,
    "tail_new_rate": 0.0,
    "log_fit_params": {
      "a": 1.6403606626844451,
      "b": 0.9071740340401053
    }
  },
  "core_constraints": {
    "total_labels": 687,
    "r_squared": 0.6382994210191448,
    "tail_new_rate": 0.36,
    "log_fit_params": {
      "a": 105.31722693802678,
      "b": -372.00428044187566
    }
  },
  "objective": {
    "total_labels": 19,
    "r_squared": 0.9634742840874775,
    "tail_new_rate": 0.0,
    "log_fit_params": {
      "a": 1.9850290594475934,
      "b": 1.8492156241601485
    }
  },
  "invariant": {
    "total_labels": 160,
    "r_squared": 0.8007983555033469,
    "tail_new_rate": 0.02,
    "log_fit_params": {
      "a": 20.711002870311226,
      "b": -43.97536990377422
    }
  }
}